"","GO.ID","Term","Annotated","Significant","Expected","Rank in Fisher.classic","Fisher.elim","Fisher.classic"
"1","GO:0030145","manganese ion binding",54,39,24.43,1,"5.3e-05","5.3e-05"
"2","GO:0008092","cytoskeletal protein binding",808,417,365.61,2,"0.00676","0.00010"
"3","GO:0003688","DNA replication origin binding",24,20,10.86,3,"0.00014","0.00014"
"4","GO:0035173","histone kinase activity",16,14,7.24,4,"0.00060","0.00060"
"5","GO:0003678","DNA helicase activity",80,51,36.2,5,"0.00064","0.00064"
"6","GO:0003779","actin binding",347,187,157.01,6,"0.03746","0.00065"
"7","GO:0003824","catalytic activity",4674,2202,2114.94,7,"0.04032","0.00068"
"8","GO:0043168","anion binding",2276,1099,1029.87,8,"0.02907","0.00072"
"9","GO:0008081","phosphoric diester hydrolase activity",70,45,31.67,9,"0.01869","0.00101"
"10","GO:0019899","enzyme binding",1908,925,863.35,10,"0.00455","0.00115"
"11","GO:1901681","sulfur compound binding",167,95,75.57,11,"0.01493","0.00156"
"12","GO:0001968","fibronectin binding",20,16,9.05,12,"0.00163","0.00163"
"13","GO:0140142","nucleocytoplasmic carrier activity",30,22,13.57,13,"0.00170","0.00170"
"14","GO:0097367","carbohydrate derivative binding",1807,875,817.65,14,"0.03126","0.00187"
"15","GO:0038024","cargo receptor activity",55,36,24.89,15,"0.00198","0.00198"
"16","GO:0005496","steroid binding",68,43,30.77,16,"0.00210","0.00210"
"17","GO:0045296","cadherin binding",309,165,139.82,17,"0.00219","0.00219"
"18","GO:0036094","small molecule binding",2072,996,937.56,18,"0.08190","0.00261"
"19","GO:0000287","magnesium ion binding",191,106,86.43,19,"0.00266","0.00266"
"20","GO:0033293","monocarboxylic acid binding",52,34,23.53,20,"0.00268","0.00268"
"21","GO:0048306","calcium-dependent protein binding",45,30,20.36,21,"0.00303","0.00303"
"22","GO:0050839","cell adhesion molecule binding",424,220,191.86,22,"0.30499","0.00310"
"23","GO:0051015","actin filament binding",166,93,75.11,23,"0.00324","0.00324"
"24","GO:0008289","lipid binding",562,286,254.3,24,"0.03659","0.00347"
"25","GO:0019911","structural constituent of myelin sheath",7,7,3.17,25,"0.00388","0.00388"
"26","GO:0005516","calmodulin binding",147,83,66.52,26,"0.00394","0.00394"
"27","GO:0001664","G protein-coupled receptor binding",157,88,71.04,27,"0.00404","0.00404"
"28","GO:0046943","carboxylic acid transmembrane transporte...",106,62,47.96,28,"0.00407","0.00407"
"29","GO:0005342","organic acid transmembrane transporter a...",106,62,47.96,29,"1.00000","0.00407"
"30","GO:0098632","cell-cell adhesion mediator activity",42,28,19,30,"0.00414","0.00414"
"31","GO:0016788","hydrolase activity, acting on ester bond...",612,309,276.92,31,"0.01274","0.00435"
"32","GO:0005089","Rho guanyl-nucleotide exchange factor ac...",70,43,31.67,32,"0.00462","0.00462"
"33","GO:0005215","transporter activity",819,407,370.59,33,"0.12296","0.00463"
"34","GO:0031681","G-protein beta-subunit binding",10,9,4.52,34,"0.00470","0.00470"
"35","GO:0031432","titin binding",10,9,4.52,35,"0.00470","0.00470"
"36","GO:0016616","oxidoreductase activity, acting on the C...",97,57,43.89,36,"0.00499","0.00499"
"37","GO:0000062","fatty-acyl-CoA binding",18,14,8.14,37,"0.00519","0.00519"
"38","GO:0005102","signaling receptor binding",1005,494,454.75,38,"0.05069","0.00530"
"39","GO:0140097","catalytic activity, acting on DNA",199,108,90.05,39,"0.30187","0.00622"
"40","GO:1901265","nucleoside phosphate binding",1822,874,824.44,40,"0.07706","0.00632"
"41","GO:0023023","MHC protein complex binding",15,12,6.79,41,"0.00665","0.00665"
"42","GO:0008139","nuclear localization sequence binding",20,15,9.05,42,"0.00682","0.00682"
"43","GO:0000166","nucleotide binding",1821,873,823.98,43,"0.08149","0.00683"
"44","GO:0008509","anion transmembrane transporter activity",237,126,107.24,44,"0.21997","0.00820"
"45","GO:0016787","hydrolase activity",1973,942,892.76,45,"0.07376","0.00826"
"46","GO:1901567","fatty acid derivative binding",22,16,9.95,46,"0.61235","0.00847"
"47","GO:0016833","oxo-acid-lyase activity",6,6,2.71,47,"0.00857","0.00857"
"48","GO:0004435","phosphatidylinositol phospholipase C act...",17,13,7.69,48,"0.00908","0.00908"
"49","GO:0016614","oxidoreductase activity, acting on CH-OH...",103,59,46.61,49,"0.83827","0.00917"
"50","GO:0047429","nucleoside-triphosphate diphosphatase ac...",9,8,4.07,50,"0.00943","0.00943"
"51","GO:0043539","protein serine/threonine kinase activato...",31,21,14.03,51,"0.00961","0.00961"
"52","GO:0016758","transferase activity, transferring hexos...",177,96,80.09,52,"0.00970","0.00970"
"53","GO:0005525","GTP binding",310,161,140.27,53,"0.00985","0.00985"
"54","GO:0017056","structural constituent of nuclear pore",24,17,10.86,54,"0.01011","0.01011"
"55","GO:0003924","GTPase activity",263,138,119,55,"0.01044","0.01044"
"56","GO:0032553","ribonucleotide binding",1617,775,731.68,56,"0.13026","0.01105"
"57","GO:0032550","purine ribonucleoside binding",313,162,141.63,57,"0.83439","0.01130"
"58","GO:0004629","phospholipase C activity",19,14,8.6,58,"0.69979","0.01153"
"59","GO:0016229","steroid dehydrogenase activity",26,18,11.76,59,"0.01172","0.01172"
"60","GO:0008028","monocarboxylic acid transmembrane transp...",35,23,15.84,60,"0.01173","0.01173"
"61","GO:0030228","lipoprotein particle receptor activity",14,11,6.33,61,"0.01197","0.01197"
"62","GO:0016836","hydro-lyase activity",48,30,21.72,62,"0.01198","0.01198"
"63","GO:0008514","organic anion transmembrane transporter ...",154,84,69.68,63,"0.51731","0.01238"
"64","GO:0001883","purine nucleoside binding",316,163,142.99,64,"0.83749","0.01291"
"65","GO:0032549","ribonucleoside binding",316,163,142.99,65,"0.83749","0.01291"
"66","GO:0004521","endoribonuclease activity",52,32,23.53,66,"0.01315","0.01315"
"67","GO:0005200","structural constituent of cytoskeleton",75,44,33.94,67,"0.01319","0.01319"
"68","GO:0042803","protein homodimerization activity",669,331,302.72,68,"0.01341","0.01341"
"69","GO:0001882","nucleoside binding",323,166,146.15,69,"0.77396","0.01439"
"70","GO:0023026","MHC class II protein complex binding",11,9,4.98,70,"0.01540","0.01540"
"71","GO:0016863","intramolecular oxidoreductase activity, ...",11,9,4.98,71,"0.01540","0.01540"
"72","GO:0005041","low-density lipoprotein particle recepto...",11,9,4.98,72,"0.01540","0.01540"
"73","GO:0005049","nuclear export signal receptor activity",11,9,4.98,73,"0.01540","0.01540"
"74","GO:0008094","DNA-dependent ATPase activity",109,61,49.32,74,"0.91126","0.01556"
"75","GO:0008301","DNA binding, bending",16,12,7.24,75,"0.01567","0.01567"
"76","GO:0140098","catalytic activity, acting on RNA",357,182,161.54,76,"0.01582","0.01582"
"77","GO:0042578","phosphoric ester hydrolase activity",305,157,138.01,77,"0.05577","0.01582"
"78","GO:0044877","protein-containing complex binding",922,449,417.2,78,"0.23281","0.01584"
"79","GO:0015020","glucuronosyltransferase activity",23,16,10.41,79,"0.01621","0.01621"
"80","GO:0005509","calcium ion binding",464,233,209.96,80,"0.01623","0.01623"
"81","GO:0032555","purine ribonucleotide binding",1604,766,725.79,81,"0.17270","0.01660"
"82","GO:0005044","scavenger receptor activity",34,22,15.38,82,"0.01748","0.01748"
"83","GO:0016765","transferase activity, transferring alkyl...",49,30,22.17,83,"0.01769","0.01769"
"84","GO:0042802","identical protein binding",1366,655,618.1,84,"0.01818","0.01818"
"85","GO:0004303","estradiol 17-beta-dehydrogenase activity",8,7,3.62,85,"0.01874","0.01874"
"86","GO:0042609","CD4 receptor binding",8,7,3.62,86,"0.01874","0.01874"
"87","GO:0005247","voltage-gated chloride channel activity",8,7,3.62,87,"0.01874","0.01874"
"88","GO:0004689","phosphorylase kinase activity",5,5,2.26,88,"0.01895","0.01895"
"89","GO:0004022","alcohol dehydrogenase (NAD+) activity",5,5,2.26,89,"0.01895","0.01895"
"90","GO:0070061","fructose binding",5,5,2.26,90,"0.01895","0.01895"
"91","GO:0033192","calmodulin-dependent protein phosphatase...",5,5,2.26,91,"0.01895","0.01895"
"92","GO:0019001","guanyl nucleotide binding",321,164,145.25,92,"0.93554","0.01927"
"93","GO:0032561","guanyl ribonucleotide binding",321,164,145.25,93,"0.93554","0.01927"
"94","GO:0017076","purine nucleotide binding",1616,770,731.22,94,"0.19582","0.02035"
"95","GO:0016860","intramolecular oxidoreductase activity",40,25,18.1,95,"0.02098","0.02098"
"96","GO:0016423","tRNA (guanine) methyltransferase activit...",13,10,5.88,96,"0.02120","0.02120"
"97","GO:0086080","protein binding involved in heterotypic ...",13,10,5.88,97,"0.02120","0.02120"
"98","GO:0004745","retinol dehydrogenase activity",13,10,5.88,98,"0.02120","0.02120"
"99","GO:0004707","MAP kinase activity",13,10,5.88,99,"0.02120","0.02120"
"100","GO:0008308","voltage-gated anion channel activity",13,10,5.88,100,"0.02120","0.02120"
"101","GO:0017048","Rho GTPase binding",161,86,72.85,101,"0.38211","0.02215"
"102","GO:0035639","purine ribonucleoside triphosphate bindi...",1555,741,703.62,102,"0.13663","0.02251"
"103","GO:0017116","single-stranded DNA helicase activity",20,14,9.05,103,"0.02252","0.02252"
"104","GO:0043138","3'-5' DNA helicase activity",20,14,9.05,104,"0.02252","0.02252"
"105","GO:0004386","helicase activity",155,83,70.14,105,"0.70661","0.02258"
"106","GO:0003707","steroid hormone receptor activity",46,28,20.81,106,"0.02381","0.02381"
"107","GO:0098631","cell adhesion mediator activity",48,29,21.72,107,"0.97288","0.02462"
"108","GO:0033764","steroid dehydrogenase activity, acting o...",22,15,9.95,108,"0.02558","0.02558"
"109","GO:0098918","structural constituent of synapse",15,11,6.79,109,"0.02658","0.02658"
"110","GO:0016894","endonuclease activity, active with eithe...",15,11,6.79,110,"0.02658","0.02658"
"111","GO:0033218","amide binding",232,120,104.98,111,"0.33609","0.02683"
"112","GO:0031267","small GTPase binding",393,197,177.83,112,"0.19341","0.02747"
"113","GO:0044548","S100 protein binding",10,8,4.52,113,"0.02837","0.02837"
"114","GO:0099186","structural constituent of postsynapse",10,8,4.52,114,"0.02837","0.02837"
"115","GO:0015125","bile acid transmembrane transporter acti...",10,8,4.52,115,"0.02837","0.02837"
"116","GO:0051020","GTPase binding",476,236,215.39,116,"0.17664","0.02969"
"117","GO:0050660","flavin adenine dinucleotide binding",68,39,30.77,117,"0.02974","0.02974"
"118","GO:1990782","protein tyrosine kinase binding",70,40,31.67,118,"0.03002","0.03002"
"119","GO:0005310","dicarboxylic acid transmembrane transpor...",26,17,11.76,119,"0.03096","0.03096"
"120","GO:1990841","promoter-specific chromatin binding",41,25,18.55,120,"0.03100","0.03100"
"121","GO:0008528","G protein-coupled peptide receptor activ...",41,25,18.55,121,"0.03100","0.03100"
"122","GO:0004540","ribonuclease activity",96,53,43.44,122,"0.03137","0.03137"
"123","GO:0051010","microtubule plus-end binding",17,12,7.69,123,"0.03146","0.03146"
"124","GO:0061608","nuclear import signal receptor activity",19,13,8.6,124,"0.03583","0.03583"
"125","GO:0015101","organic cation transmembrane transporter...",19,13,8.6,125,"0.03583","0.03583"
"126","GO:0016779","nucleotidyltransferase activity",129,69,58.37,126,"0.03615","0.03615"
"127","GO:0008443","phosphofructokinase activity",7,6,3.17,127,"0.03674","0.03674"
"128","GO:0048256","flap endonuclease activity",7,6,3.17,128,"0.03674","0.03674"
"129","GO:0035529","NADH pyrophosphatase activity",7,6,3.17,129,"0.03674","0.03674"
"130","GO:0016936","galactoside binding",7,6,3.17,130,"0.03674","0.03674"
"131","GO:0005343","organic acid:sodium symporter activity",12,9,5.43,131,"0.03691","0.03691"
"132","GO:0072349","modified amino acid transmembrane transp...",12,9,5.43,132,"0.03691","0.03691"
"133","GO:0019956","chemokine binding",12,9,5.43,133,"0.03691","0.03691"
"134","GO:0032454","histone demethylase activity (H3-K9 spec...",12,9,5.43,134,"0.03691","0.03691"
"135","GO:0017016","Ras GTPase binding",381,190,172.4,135,"0.24212","0.03715"
"136","GO:0004601","peroxidase activity",32,20,14.48,136,"0.03729","0.03729"
"137","GO:0004519","endonuclease activity",107,58,48.42,137,"0.03851","0.03851"
"138","GO:0030165","PDZ domain binding",71,40,32.13,138,"0.03925","0.03925"
"139","GO:0004620","phospholipase activity",77,43,34.84,139,"0.26771","0.03961"
"140","GO:0140103","catalytic activity, acting on a glycopro...",21,14,9.5,140,"0.03972","0.03972"
"141","GO:0019900","kinase binding",635,309,287.33,141,"0.04183","0.04183"
"142","GO:0050780","dopamine receptor binding",14,10,6.33,142,"0.04429","0.04429"
"143","GO:0019840","isoprenoid binding",25,16,11.31,143,"0.04620","0.04620"
"144","GO:0005504","fatty acid binding",27,17,12.22,144,"0.04888","0.04888"
"145","GO:0000030","mannosyltransferase activity",27,17,12.22,145,"0.04888","0.04888"
"146","GO:0046983","protein dimerization activity",1013,484,458.37,146,"0.04922","0.04922"
"147","GO:0043177","organic acid binding",141,74,63.8,147,"0.55790","0.04974"
"148","GO:0005543","phospholipid binding",350,174,158.37,148,"0.04994","0.04994"
"149","GO:0019955","cytokine binding",70,39,31.67,149,"0.05045","0.05045"
"150","GO:0033204","ribonuclease P RNA binding",9,7,4.07,150,"0.05131","0.05131"
"151","GO:0017162","aryl hydrocarbon receptor binding",9,7,4.07,151,"0.05131","0.05131"
"152","GO:0016889","endodeoxyribonuclease activity, producin...",9,7,4.07,152,"0.05131","0.05131"
"153","GO:1990837","sequence-specific double-stranded DNA bi...",655,317,296.38,153,"0.17396","0.05258"
"154","GO:0022857","transmembrane transporter activity",709,342,320.82,154,"0.26929","0.05426"
"155","GO:0008536","Ran GTPase binding",33,20,14.93,155,"0.05511","0.05511"
"156","GO:0004364","glutathione transferase activity",18,12,8.14,156,"0.05598","0.05598"
"157","GO:0120013","lipid transfer activity",35,21,15.84,157,"0.05669","0.05669"
"158","GO:0019901","protein kinase binding",564,274,255.2,158,"0.05683","0.05683"
"159","GO:0017111","nucleoside-triphosphatase activity",695,335,314.48,159,"0.31042","0.05844"
"160","GO:0005319","lipid transporter activity",103,55,46.61,160,"0.05864","0.05864"
"161","GO:0015075","ion transmembrane transporter activity",573,278,259.28,161,"0.32729","0.05892"
"162","GO:0043565","sequence-specific DNA binding",818,392,370.14,162,"0.17288","0.06051"
"163","GO:0015035","protein disulfide oxidoreductase activit...",20,13,9.05,163,"0.06057","0.06057"
"164","GO:0001653","peptide receptor activity",43,25,19.46,164,"0.06116","0.06116"
"165","GO:0016491","oxidoreductase activity",608,294,275.11,165,"0.29863","0.06251"
"166","GO:0005522","profilin binding",11,8,4.98,166,"0.06295","0.06295"
"167","GO:0031994","insulin-like growth factor I binding",11,8,4.98,167,"0.06295","0.06295"
"168","GO:0005095","GTPase inhibitor activity",11,8,4.98,168,"0.06295","0.06295"
"169","GO:0016782","transferase activity, transferring sulfu...",49,28,22.17,169,"0.06306","0.06306"
"170","GO:0005539","glycosaminoglycan binding",126,66,57.01,170,"0.06374","0.06374"
"171","GO:0030971","receptor tyrosine kinase binding",55,31,24.89,171,"0.06409","0.06409"
"172","GO:0019003","GDP binding",69,38,31.22,172,"0.06425","0.06425"
"173","GO:0033613","activating transcription factor binding",69,38,31.22,173,"0.06425","0.06425"
"174","GO:0015605","organophosphate ester transmembrane tran...",22,14,9.95,174,"0.06447","0.06447"
"175","GO:0030507","spectrin binding",22,14,9.95,175,"0.06447","0.06447"
"176","GO:0015108","chloride transmembrane transporter activ...",61,34,27.6,176,"0.06447","0.06447"
"177","GO:0004518","nuclease activity",178,91,80.54,177,"0.06579","0.06579"
"178","GO:0008194","UDP-glycosyltransferase activity",118,62,53.39,178,"0.06629","0.06629"
"179","GO:0017124","SH3 domain binding",114,60,51.58,179,"0.06758","0.06758"
"180","GO:0016705","oxidoreductase activity, acting on paire...",114,60,51.58,180,"0.06758","0.06758"
"181","GO:0005501","retinoid binding",24,15,10.86,181,"0.06778","0.06778"
"182","GO:0031406","carboxylic acid binding",139,72,62.9,182,"0.64975","0.07048"
"183","GO:1901682","sulfur compound transmembrane transporte...",26,16,11.76,183,"0.07060","0.07060"
"184","GO:0005237","inhibitory extracellular ligand-gated io...",6,5,2.71,184,"0.07085","0.07085"
"185","GO:0050693","LBD domain binding",6,5,2.71,185,"0.07085","0.07085"
"186","GO:0030283","testosterone dehydrogenase [NAD(P)] acti...",6,5,2.71,186,"0.07085","0.07085"
"187","GO:0004523","RNA-DNA hybrid ribonuclease activity",6,5,2.71,187,"0.07085","0.07085"
"188","GO:0043878","glyceraldehyde-3-phosphate dehydrogenase...",6,5,2.71,188,"0.07085","0.07085"
"189","GO:0004679","AMP-activated protein kinase activity",6,5,2.71,189,"0.07085","0.07085"
"190","GO:0017108","5'-flap endonuclease activity",6,5,2.71,190,"0.07085","0.07085"
"191","GO:0016635","oxidoreductase activity, acting on the C...",6,5,2.71,191,"0.07085","0.07085"
"192","GO:0019103","pyrimidine nucleotide binding",6,5,2.71,192,"0.07085","0.07085"
"193","GO:0047023","androsterone dehydrogenase activity",6,5,2.71,193,"0.07085","0.07085"
"194","GO:0016775","phosphotransferase activity, nitrogenous...",6,5,2.71,194,"0.07085","0.07085"
"195","GO:0031821","G protein-coupled serotonin receptor bin...",6,5,2.71,195,"0.07085","0.07085"
"196","GO:0018455","alcohol dehydrogenase [NAD(P)+] activity",6,5,2.71,196,"0.07085","0.07085"
"197","GO:0003720","telomerase activity",6,5,2.71,197,"0.07085","0.07085"
"198","GO:0003964","RNA-directed DNA polymerase activity",6,5,2.71,198,"0.07085","0.07085"
"199","GO:0035091","phosphatidylinositol binding",212,107,95.93,199,"0.07087","0.07087"
"200","GO:0010181","FMN binding",13,9,5.88,200,"0.07224","0.07224"
"201","GO:0003008","system process",1098,580,496.38,1,"0.00767","7.2e-08"
"202","GO:0009179","purine ribonucleoside diphosphate metabo...",112,77,50.63,2,"0.06761","3.7e-07"
"203","GO:0009135","purine nucleoside diphosphate metabolic ...",112,77,50.63,3,"0.06761","3.7e-07"
"204","GO:0006096","glycolytic process",93,66,42.04,4,"0.15328","4.1e-07"
"205","GO:0050896","response to stimulus",6233,2954,2817.82,5,"0.01760","6.4e-07"
"206","GO:0006757","ATP generation from ADP",94,66,42.5,6,"0.26094","7.7e-07"
"207","GO:0046031","ADP metabolic process",101,70,45.66,7,"0.18230","7.8e-07"
"208","GO:0006163","purine nucleotide metabolic process",356,206,160.94,8,"0.02894","7.9e-07"
"209","GO:0009185","ribonucleoside diphosphate metabolic pro...",114,77,51.54,9,"0.13596","1.1e-06"
"210","GO:0007586","digestion",81,58,36.62,10,"0.03737","1.3e-06"
"211","GO:0006165","nucleoside diphosphate phosphorylation",109,74,49.28,11,"0.18422","1.3e-06"
"212","GO:0006090","pyruvate metabolic process",126,83,56.96,12,"0.13366","2.1e-06"
"213","GO:0009259","ribonucleotide metabolic process",346,198,156.42,13,"0.00736","3.6e-06"
"214","GO:0046939","nucleotide phosphorylation",111,74,50.18,14,"0.30732","3.9e-06"
"215","GO:0006140","regulation of nucleotide metabolic proce...",95,65,42.95,15,"0.45037","3.9e-06"
"216","GO:0019693","ribose phosphate metabolic process",355,202,160.49,16,"0.63569","4.8e-06"
"217","GO:0009150","purine ribonucleotide metabolic process",332,190,150.09,17,"0.01108","5.6e-06"
"218","GO:0016052","carbohydrate catabolic process",165,103,74.59,18,"0.08979","5.7e-06"
"219","GO:0009132","nucleoside diphosphate metabolic process",130,84,58.77,19,"0.20714","5.9e-06"
"220","GO:1900542","regulation of purine nucleotide metaboli...",94,64,42.5,20,"1.00000","5.9e-06"
"221","GO:0072521","purine-containing compound metabolic pro...",382,215,172.69,21,"0.07131","6.8e-06"
"222","GO:0019637","organophosphate metabolic process",859,450,388.34,22,"0.40930","7.4e-06"
"223","GO:0032970","regulation of actin filament-based proce...",310,178,140.15,23,"0.22063","8.4e-06"
"224","GO:0032787","monocarboxylic acid metabolic process",523,285,236.44,24,"0.14289","8.5e-06"
"225","GO:0043470","regulation of carbohydrate catabolic pro...",74,52,33.45,25,"0.05025","1.1e-05"
"226","GO:0009117","nucleotide metabolic process",454,250,205.24,26,"0.61402","1.1e-05"
"227","GO:0007186","G protein-coupled receptor signaling pat...",454,250,205.24,27,"1.1e-05","1.1e-05"
"228","GO:0032956","regulation of actin cytoskeleton organiz...",276,160,124.77,28,"0.00186","1.1e-05"
"229","GO:0030029","actin filament-based process",606,325,273.96,29,"0.08750","1.2e-05"
"230","GO:0070200","establishment of protein localization to...",18,17,8.14,30,"0.00173","1.4e-05"
"231","GO:0006753","nucleoside phosphate metabolic process",461,252,208.41,31,"0.69319","2.1e-05"
"232","GO:0006066","alcohol metabolic process",294,168,132.91,32,"0.02840","2.2e-05"
"233","GO:0022600","digestive system process",65,46,29.39,33,"0.42494","2.6e-05"
"234","GO:0030036","actin cytoskeleton organization",544,292,245.93,34,"0.13166","3.1e-05"
"235","GO:0051716","cellular response to stimulus",5210,2466,2355.34,35,"0.13577","3.3e-05"
"236","GO:0051094","positive regulation of developmental pro...",997,511,450.72,36,"0.00242","3.8e-05"
"237","GO:1901615","organic hydroxy compound metabolic proce...",412,226,186.26,37,"0.01867","4.1e-05"
"238","GO:1903578","regulation of ATP metabolic process",102,66,46.11,38,"0.10347","5.4e-05"
"239","GO:0051493","regulation of cytoskeleton organization",447,242,202.08,39,"0.14052","7.1e-05"
"240","GO:0042254","ribosome biogenesis",287,162,129.75,40,"0.02809","7.3e-05"
"241","GO:0006110","regulation of glycolytic process",65,45,29.39,41,"7.6e-05","7.6e-05"
"242","GO:0071466","cellular response to xenobiotic stimulus",137,84,61.94,42,"0.00148","0.00010"
"243","GO:0006820","anion transport",457,246,206.6,43,"0.30260","0.00010"
"244","GO:0008219","cell death",1696,838,766.73,44,"0.00325","0.00011"
"245","GO:0032879","regulation of localization",2023,991,914.56,45,"0.01296","0.00011"
"246","GO:0044281","small molecule metabolic process",1624,803,734.18,46,"0.63821","0.00014"
"247","GO:0055086","nucleobase-containing small molecule met...",532,282,240.51,47,"0.74904","0.00014"
"248","GO:0022616","DNA strand elongation",24,20,10.85,48,"0.15483","0.00014"
"249","GO:0034329","cell junction assembly",312,173,141.05,49,"0.00331","0.00015"
"250","GO:0042446","hormone biosynthetic process",54,38,24.41,50,"0.00650","0.00016"
"251","GO:0006270","DNA replication initiation",37,28,16.73,51,"0.00016","0.00016"
"252","GO:0008202","steroid metabolic process",247,140,111.66,52,"0.02796","0.00017"
"253","GO:0034330","cell junction organization",511,271,231.01,53,"0.83094","0.00018"
"254","GO:0051261","protein depolymerization",92,59,41.59,54,"0.01053","0.00019"
"255","GO:0006629","lipid metabolic process",1113,560,503.17,55,"0.11439","0.00020"
"256","GO:0051240","positive regulation of multicellular org...",1244,622,562.39,56,"0.00020","0.00020"
"257","GO:0007612","learning",96,61,43.4,57,"0.01558","0.00022"
"258","GO:0098609","cell-cell adhesion",570,299,257.69,58,"0.00023","0.00023"
"259","GO:0042493","response to drug",748,385,338.16,59,"0.02222","0.00023"
"260","GO:0006261","DNA-dependent DNA replication",149,89,67.36,60,"0.30870","0.00024"
"261","GO:1901879","regulation of protein depolymerization",69,46,31.19,61,"0.01927","0.00026"
"262","GO:1904814","regulation of protein localization to ch...",14,13,6.33,62,"0.04162","0.00027"
"263","GO:0065008","regulation of biological quality",2982,1431,1348.1,63,"0.16226","0.00027"
"264","GO:0007611","learning or memory",165,97,74.59,64,"0.01151","0.00029"
"265","GO:0007165","signal transduction",4032,1913,1822.79,65,"0.07273","0.00030"
"266","GO:1902905","positive regulation of supramolecular fi...",169,99,76.4,66,"0.00728","0.00030"
"267","GO:0006271","DNA strand elongation involved in DNA re...",17,15,7.69,67,"0.00030","0.00030"
"268","GO:0015711","organic anion transport",362,196,163.65,68,"0.00656","0.00033"
"269","GO:0051495","positive regulation of cytoskeleton orga...",187,108,84.54,69,"0.00745","0.00035"
"270","GO:0022610","biological adhesion",975,492,440.78,70,"0.13654","0.00035"
"271","GO:0060548","negative regulation of cell death",747,383,337.7,71,"0.01199","0.00035"
"272","GO:0043467","regulation of generation of precursor me...",135,81,61.03,72,"0.17116","0.00037"
"273","GO:0023052","signaling",4372,2067,1976.5,73,"0.07490","0.00037"
"274","GO:0006720","isoprenoid metabolic process",101,63,45.66,74,"0.06975","0.00037"
"275","GO:0030855","epithelial cell differentiation",493,260,222.88,75,"0.03994","0.00037"
"276","GO:0030042","actin filament depolymerization",45,32,20.34,76,"0.04355","0.00039"
"277","GO:0007155","cell adhesion",970,489,438.52,77,"0.15257","0.00041"
"278","GO:0060341","regulation of cellular localization",801,408,362.12,78,"0.03239","0.00045"
"279","GO:0051031","tRNA transport",35,26,15.82,79,"0.45132","0.00045"
"280","GO:0030834","regulation of actin filament depolymeriz...",42,30,18.99,80,"0.06208","0.00052"
"281","GO:0032530","regulation of microvillus organization",13,12,5.88,81,"0.03645","0.00055"
"282","GO:0003012","muscle system process",292,160,132.01,82,"0.06350","0.00055"
"283","GO:1902903","regulation of supramolecular fiber organ...",284,156,128.39,83,"0.48949","0.00056"
"284","GO:0006694","steroid biosynthetic process",146,86,66,84,"0.17372","0.00057"
"285","GO:0008283","cell population proliferation",1420,700,641.95,85,"0.10390","0.00058"
"286","GO:0006811","ion transport",1155,575,522.15,86,"0.29480","0.00060"
"287","GO:0048646","anatomical structure formation involved ...",804,408,363.47,87,"0.05611","0.00065"
"288","GO:0006364","rRNA processing",209,118,94.48,88,"0.00386","0.00065"
"289","GO:0051270","regulation of cellular component movemen...",765,389,345.84,89,"0.02441","0.00071"
"290","GO:0032528","microvillus organization",24,19,10.85,90,"0.01893","0.00073"
"291","GO:0019752","carboxylic acid metabolic process",868,438,392.41,91,"0.37156","0.00074"
"292","GO:0007154","cell communication",4399,2074,1988.7,92,"0.10792","0.00074"
"293","GO:0071431","tRNA-containing ribonucleoprotein comple...",34,25,15.37,93,"1.00000","0.00076"
"294","GO:0044091","membrane biogenesis",34,25,15.37,94,"0.13264","0.00076"
"295","GO:0006409","tRNA export from nucleus",34,25,15.37,95,"0.00076","0.00076"
"296","GO:0031100","animal organ regeneration",55,37,24.86,96,"0.07640","0.00078"
"297","GO:0075733","intracellular transport of virus",55,37,24.86,97,"0.00078","0.00078"
"298","GO:0014855","striated muscle cell proliferation",55,37,24.86,98,"0.02235","0.00078"
"299","GO:1901880","negative regulation of protein depolymer...",55,37,24.86,99,"0.06643","0.00078"
"300","GO:0061842","microtubule organizing center localizati...",29,22,13.11,100,"0.02217","0.00078"
"301","GO:0050892","intestinal absorption",29,22,13.11,101,"0.00078","0.00078"
"302","GO:1904869","regulation of protein localization to Ca...",9,9,4.07,102,"1.00000","0.00079"
"303","GO:1904871","positive regulation of protein localizat...",9,9,4.07,103,"0.00079","0.00079"
"304","GO:0052696","flavonoid glucuronidation",9,9,4.07,104,"0.00079","0.00079"
"305","GO:0052697","xenobiotic glucuronidation",9,9,4.07,105,"0.00079","0.00079"
"306","GO:0072683","T cell extravasation",9,9,4.07,106,"0.00079","0.00079"
"307","GO:0051480","regulation of cytosolic calcium ion conc...",196,111,88.61,107,"0.03004","0.00079"
"308","GO:0097435","supramolecular fiber organization",535,278,241.86,108,"0.43681","0.00080"
"309","GO:0043066","negative regulation of apoptotic process",664,340,300.18,109,"0.02738","0.00084"
"310","GO:0001889","liver development",109,66,49.28,110,"0.03000","0.00087"
"311","GO:0097421","liver regeneration",21,17,9.49,111,"0.00089","0.00089"
"312","GO:0012501","programmed cell death",1600,782,723.33,112,"0.01868","0.00090"
"313","GO:1903076","regulation of protein localization to pl...",81,51,36.62,113,"0.05515","0.00095"
"314","GO:0006805","xenobiotic metabolic process",96,59,43.4,114,"0.01389","0.00096"
"315","GO:0044786","cell cycle DNA replication",70,45,31.65,115,"0.04303","0.00099"
"316","GO:1904375","regulation of protein localization to ce...",98,60,44.3,116,"0.04644","0.00100"
"317","GO:1901699","cellular response to nitrogen compound",512,266,231.47,117,"0.02990","0.00104"
"318","GO:0006915","apoptotic process",1512,740,683.55,118,"0.02264","0.00105"
"319","GO:0072337","modified amino acid transport",18,15,8.14,119,"0.03653","0.00105"
"320","GO:0030277","maintenance of gastrointestinal epitheli...",18,15,8.14,120,"0.00105","0.00105"
"321","GO:0110053","regulation of actin filament organizatio...",213,119,96.29,121,"0.08690","0.00105"
"322","GO:0016072","rRNA metabolic process",219,122,99.01,122,"0.73447","0.00106"
"323","GO:0050793","regulation of developmental process",1928,934,871.61,123,"0.94150","0.00107"
"324","GO:0046942","carboxylic acid transport",235,130,106.24,124,"0.02773","0.00107"
"325","GO:0015849","organic acid transport",237,131,107.14,125,"0.02744","0.00107"
"326","GO:0005975","carbohydrate metabolic process",506,263,228.75,126,"0.39848","0.00107"
"327","GO:0051301","cell division",531,275,240.05,127,"0.10060","0.00110"
"328","GO:0097064","ncRNA export from nucleus",38,27,17.18,128,"0.61120","0.00112"
"329","GO:0070202","regulation of establishment of protein l...",12,11,5.42,129,"0.20404","0.00113"
"330","GO:1904816","positive regulation of protein localizat...",12,11,5.42,130,"0.20404","0.00113"
"331","GO:0040012","regulation of locomotion",727,369,328.66,131,"0.03969","0.00114"
"332","GO:0007015","actin filament organization",326,175,147.38,132,"0.09103","0.00115"
"333","GO:0009812","flavonoid metabolic process",15,13,6.78,133,"0.40989","0.00116"
"334","GO:0052695","cellular glucuronidation",15,13,6.78,134,"0.25802","0.00116"
"335","GO:0045980","negative regulation of nucleotide metabo...",15,13,6.78,135,"0.45163","0.00116"
"336","GO:0040011","locomotion",1266,624,572.33,136,"0.04071","0.00118"
"337","GO:0051592","response to calcium ion",108,65,48.82,137,"0.10350","0.00119"
"338","GO:0010817","regulation of hormone levels",367,195,165.91,138,"0.14738","0.00120"
"339","GO:0007204","positive regulation of cytosolic calcium...",176,100,79.57,139,"0.04726","0.00121"
"340","GO:0097327","response to antineoplastic agent",78,49,35.26,140,"0.00127","0.00127"
"341","GO:0061620","glycolytic process through glucose-6-pho...",23,18,10.4,141,"0.45152","0.00129"
"342","GO:0061615","glycolytic process through fructose-6-ph...",23,18,10.4,142,"0.45152","0.00129"
"343","GO:0019932","second-messenger-mediated signaling",260,142,117.54,143,"0.00131","0.00131"
"344","GO:0051642","centrosome localization",28,21,12.66,144,"0.03533","0.00133"
"345","GO:0033002","muscle cell proliferation",145,84,65.55,145,"0.01196","0.00133"
"346","GO:0048518","positive regulation of biological proces...",4576,2150,2068.72,146,"0.50574","0.00135"
"347","GO:0010941","regulation of cell death",1289,634,582.73,147,"0.01776","0.00138"
"348","GO:0031532","actin cytoskeleton reorganization",82,51,37.07,148,"0.01698","0.00142"
"349","GO:0046794","transport of virus",58,38,26.22,149,"0.83467","0.00143"
"350","GO:0034470","ncRNA processing",362,192,163.65,150,"0.22472","0.00146"
"351","GO:0042981","regulation of apoptotic process",1179,582,533,151,"0.02058","0.00147"
"352","GO:2000145","regulation of cell motility",704,357,318.26,152,"0.05189","0.00147"
"353","GO:0003013","circulatory system process",342,182,154.61,153,"0.04504","0.00157"
"354","GO:0007010","cytoskeleton organization",1095,542,495.03,154,"0.27575","0.00160"
"355","GO:0050890","cognition",189,106,85.44,155,"0.03966","0.00161"
"356","GO:0019585","glucuronate metabolic process",20,16,9.04,156,"0.17668","0.00161"
"357","GO:0006063","uronic acid metabolic process",20,16,9.04,157,"0.17668","0.00161"
"358","GO:0034754","cellular hormone metabolic process",88,54,39.78,158,"0.00162","0.00162"
"359","GO:0061008","hepaticobiliary system development",111,66,50.18,159,"0.04758","0.00171"
"360","GO:0043069","negative regulation of programmed cell d...",678,344,306.51,160,"0.04518","0.00171"
"361","GO:0048514","blood vessel morphogenesis",439,229,198.46,161,"0.16734","0.00172"
"362","GO:0006591","ornithine metabolic process",8,8,3.62,162,"0.00174","0.00174"
"363","GO:0090527","actin filament reorganization",8,8,3.62,163,"0.00174","0.00174"
"364","GO:0048266","behavioral response to pain",8,8,3.62,164,"0.00174","0.00174"
"365","GO:0060525","prostate glandular acinus development",8,8,3.62,165,"0.00174","0.00174"
"366","GO:1902893","regulation of pri-miRNA transcription by...",37,26,16.73,166,"0.16807","0.00180"
"367","GO:0072577","endothelial cell apoptotic process",37,26,16.73,167,"0.00180","0.00180"
"368","GO:0090066","regulation of anatomical structure size",384,202,173.6,168,"0.23443","0.00188"
"369","GO:0090407","organophosphate biosynthetic process",510,263,230.56,169,"0.18694","0.00190"
"370","GO:0055074","calcium ion homeostasis",274,148,123.87,170,"0.03735","0.00191"
"371","GO:0006793","phosphorus metabolic process",2636,1258,1191.68,171,"0.22625","0.00192"
"372","GO:0006082","organic acid metabolic process",953,474,430.83,172,"0.43823","0.00197"
"373","GO:0010524","positive regulation of calcium ion trans...",32,23,14.47,173,"0.00205","0.00205"
"374","GO:0032501","multicellular organismal process",4953,2318,2239.16,174,"0.79387","0.00209"
"375","GO:0030838","positive regulation of actin filament po...",85,52,38.43,175,"0.07997","0.00216"
"376","GO:0051674","localization of cell",1145,564,517.63,176,"0.07409","0.00218"
"377","GO:0048870","cell motility",1145,564,517.63,177,"0.07409","0.00218"
"378","GO:0045597","positive regulation of cell differentiat...",722,364,326.4,178,"0.00218","0.00218"
"379","GO:0070199","establishment of protein localization to...",27,20,12.21,179,"0.85253","0.00224"
"380","GO:1900543","negative regulation of purine nucleotide...",14,12,6.33,180,"0.00225","0.00225"
"381","GO:0090069","regulation of ribosome biogenesis",14,12,6.33,181,"0.20403","0.00225"
"382","GO:0061718","glucose catabolic process to pyruvate",22,17,9.95,182,"1.00000","0.00226"
"383","GO:0061621","canonical glycolysis",22,17,9.95,183,"0.00226","0.00226"
"384","GO:0006735","NADH regeneration",22,17,9.95,184,"1.00000","0.00226"
"385","GO:0033260","nuclear DNA replication",59,38,26.67,185,"0.10303","0.00227"
"386","GO:0071277","cellular response to calcium ion",59,38,26.67,186,"0.00227","0.00227"
"387","GO:1902579","multi-organism localization",59,38,26.67,187,"0.90927","0.00227"
"388","GO:0044766","multi-organism transport",59,38,26.67,188,"0.90927","0.00227"
"389","GO:0008015","blood circulation",334,177,150.99,189,"0.06049","0.00229"
"390","GO:0070203","regulation of establishment of protein l...",11,10,4.97,190,"0.45173","0.00230"
"391","GO:0060742","epithelial cell differentiation involved...",11,10,4.97,191,"0.00230","0.00230"
"392","GO:0014841","skeletal muscle satellite cell prolifera...",11,10,4.97,192,"1.00000","0.00230"
"393","GO:0014842","regulation of skeletal muscle satellite ...",11,10,4.97,193,"0.00230","0.00230"
"394","GO:0006874","cellular calcium ion homeostasis",267,144,120.71,194,"0.04488","0.00236"
"395","GO:0051260","protein homooligomerization",263,142,118.9,195,"0.00238","0.00238"
"396","GO:2000147","positive regulation of cell motility",402,210,181.74,196,"0.03555","0.00240"
"397","GO:0042445","hormone metabolic process",157,89,70.98,197,"0.81751","0.00240"
"398","GO:0030835","negative regulation of actin filament de...",34,24,15.37,198,"0.42740","0.00244"
"399","GO:0072507","divalent inorganic cation homeostasis",308,164,139.24,199,"0.04004","0.00252"
"400","GO:0006796","phosphate-containing compound metabolic ...",2610,1244,1179.93,200,"0.26143","0.00253"
"401","GO:0071944","cell periphery",3466,1727,1560.57,1,"0.89155","2.2e-11"
"402","GO:0005886","plasma membrane",3365,1677,1515.09,2,"1.4e-06","4.9e-11"
"403","GO:0005903","brush border",85,62,38.27,3,"6.3e-05","1.5e-07"
"404","GO:0031252","cell leading edge",341,195,153.54,4,"0.03124","3.3e-06"
"405","GO:0005615","extracellular space",2260,1114,1017.56,5,"8.0e-05","4.3e-06"
"406","GO:0098862","cluster of actin-based cell projections",121,78,54.48,6,"0.58318","1.2e-05"
"407","GO:0015629","actin cytoskeleton",414,229,186.4,7,"0.00103","1.3e-05"
"408","GO:0005576","extracellular region",2775,1339,1249.44,8,"0.60132","6.7e-05"
"409","GO:0031253","cell projection membrane",247,141,111.21,9,"0.00479","8.2e-05"
"410","GO:0016020","membrane",6510,3039,2931.13,10,"0.56791","8.6e-05"
"411","GO:0001772","immunological synapse",26,21,11.71,11,"0.00021","0.00021"
"412","GO:0098590","plasma membrane region",880,447,396.22,12,"0.03623","0.00022"
"413","GO:0001726","ruffle",155,92,69.79,13,"0.00022","0.00022"
"414","GO:0005902","microvillus",65,43,29.27,14,"0.00047","0.00047"
"415","GO:0031526","brush border membrane",44,31,19.81,15,"0.00057","0.00057"
"416","GO:0005938","cell cortex",266,146,119.77,16,"0.00070","0.00070"
"417","GO:0000776","kinetochore",130,77,58.53,17,"0.06993","0.00075"
"418","GO:0000775","chromosome, centromeric region",183,104,82.4,18,"0.05541","0.00082"
"419","GO:0030684","preribosome",74,47,33.32,19,"0.03884","0.00102"
"420","GO:0031224","intrinsic component of membrane",3312,1568,1491.23,20,"0.03178","0.00105"
"421","GO:0005887","integral component of plasma membrane",901,450,405.68,21,"0.00121","0.00121"
"422","GO:0016021","integral component of membrane",3216,1523,1448,22,"0.03707","0.00121"
"423","GO:0031226","intrinsic component of plasma membrane",947,471,426.39,23,"0.50331","0.00142"
"424","GO:0044327","dendritic spine head",8,8,3.6,24,"0.00168","0.00168"
"425","GO:0005832","chaperonin-containing T-complex",8,8,3.6,25,"0.00168","0.00168"
"426","GO:0000779","condensed chromosome, centromeric region",112,66,50.43,26,"0.25870","0.00207"
"427","GO:0070062","extracellular exosome",1707,824,768.58,27,"0.00212","0.00212"
"428","GO:0043230","extracellular organelle",1724,831,776.23,28,"0.69668","0.00245"
"429","GO:1903561","extracellular vesicle",1720,829,774.43,29,"0.76196","0.00251"
"430","GO:0098687","chromosomal region",324,171,145.88,30,"0.07044","0.00275"
"431","GO:0030667","secretory granule membrane",221,120,99.51,31,"0.00328","0.00328"
"432","GO:0000777","condensed chromosome kinetochore",100,59,45.02,32,"0.00334","0.00334"
"433","GO:0030027","lamellipodium",171,95,76.99,33,"0.00346","0.00346"
"434","GO:0045177","apical part of cell",291,154,131.02,34,"0.00378","0.00378"
"435","GO:0005657","replication fork",70,43,31.52,35,"0.02650","0.00414"
"436","GO:1905360","GTPase complex",18,14,8.1,36,"1.00000","0.00491"
"437","GO:0005834","heterotrimeric G-protein complex",18,14,8.1,37,"0.00491","0.00491"
"438","GO:0005777","peroxisome",121,69,54.48,38,"0.00514","0.00514"
"439","GO:0042579","microbody",121,69,54.48,39,"1.00000","0.00514"
"440","GO:0098858","actin-based cell projection",165,91,74.29,40,"0.30058","0.00546"
"441","GO:0031982","vesicle",3015,1419,1357.5,41,"0.33411","0.00554"
"442","GO:0070820","tertiary granule",114,65,51.33,42,"0.00650","0.00650"
"443","GO:0043296","apical junction complex",122,69,54.93,43,"0.00668","0.00668"
"444","GO:0031941","filamentous actin",27,19,12.16,44,"0.00690","0.00690"
"445","GO:0032040","small-subunit processome",36,24,16.21,45,"0.00722","0.00722"
"446","GO:0005884","actin filament",93,54,41.87,46,"0.11624","0.00764"
"447","GO:0002102","podosome",29,20,13.06,47,"0.00796","0.00796"
"448","GO:0060076","excitatory synapse",29,20,13.06,48,"0.00796","0.00796"
"449","GO:0005658","alpha DNA polymerase:primase complex",6,6,2.7,49,"0.00832","0.00832"
"450","GO:0000172","ribonuclease MRP complex",6,6,2.7,50,"0.00832","0.00832"
"451","GO:0031256","leading edge membrane",129,72,58.08,51,"0.00866","0.00866"
"452","GO:0042101","T cell receptor complex",9,8,4.05,52,"0.00910","0.00910"
"453","GO:0019897","extrinsic component of plasma membrane",116,65,52.23,53,"0.09565","0.01089"
"454","GO:0032590","dendrite membrane",19,14,8.55,54,"0.01094","0.01094"
"455","GO:0031528","microvillus membrane",19,14,8.55,55,"0.01094","0.01094"
"456","GO:0005856","cytoskeleton",1755,835,790.19,56,"0.35962","0.01128"
"457","GO:0042575","DNA polymerase complex",21,15,9.46,57,"0.18163","0.01319"
"458","GO:0030863","cortical cytoskeleton",95,54,42.77,58,"0.01341","0.01341"
"459","GO:0016324","apical plasma membrane",239,125,107.61,59,"0.01352","0.01352"
"460","GO:0070160","tight junction",107,60,48.18,60,"0.01378","0.01378"
"461","GO:0005885","Arp2/3 protein complex",11,9,4.95,61,"0.01483","0.01483"
"462","GO:0032589","neuron projection membrane",32,21,14.41,62,"0.01515","0.01515"
"463","GO:0044297","cell body",392,198,176.5,63,"0.01538","0.01538"
"464","GO:0043292","contractile fiber",166,89,74.74,64,"0.01560","0.01560"
"465","GO:0005811","lipid droplet",74,43,33.32,65,"0.01593","0.01593"
"466","GO:0031298","replication fork protection complex",8,7,3.6,66,"0.01816","0.01816"
"467","GO:0031390","Ctf18 RFC-like complex",8,7,3.6,67,"0.01816","0.01816"
"468","GO:0044214","spanning component of plasma membrane",5,5,2.25,68,"0.01849","0.01849"
"469","GO:0005964","phosphorylase kinase complex",5,5,2.25,69,"0.01849","0.01849"
"470","GO:0002199","zona pellucida receptor complex",5,5,2.25,70,"0.01849","0.01849"
"471","GO:0090724","central region of growth cone",5,5,2.25,71,"0.01849","0.01849"
"472","GO:0031261","DNA replication preinitiation complex",5,5,2.25,72,"0.01849","0.01849"
"473","GO:0031680","G-protein beta/gamma-subunit complex",5,5,2.25,73,"0.01849","0.01849"
"474","GO:0030016","myofibril",159,85,71.59,74,"0.01944","0.01944"
"475","GO:1990752","microtubule end",29,19,13.06,75,"0.02105","0.02105"
"476","GO:0005640","nuclear outer membrane",20,14,9,76,"0.02145","0.02145"
"477","GO:0005635","nuclear envelope",412,206,185.5,77,"0.02231","0.02231"
"478","GO:0012505","endomembrane system",3523,1637,1586.23,78,"0.10202","0.02345"
"479","GO:0000793","condensed chromosome",189,99,85.1,79,"0.53920","0.02446"
"480","GO:0030659","cytoplasmic vesicle membrane",602,295,271.05,80,"0.35450","0.02480"
"481","GO:1905348","endonuclease complex",35,22,15.76,81,"0.02557","0.02557"
"482","GO:0012506","vesicle membrane",622,304,280.06,82,"0.35690","0.02663"
"483","GO:0031234","extrinsic component of cytoplasmic side ...",66,38,29.72,83,"0.28852","0.02705"
"484","GO:0043657","host cell",68,39,30.62,84,"0.02731","0.02731"
"485","GO:0018995","host cellular component",68,39,30.62,85,"0.02731","0.02731"
"486","GO:0030424","axon",452,224,203.51,86,"0.02745","0.02745"
"487","GO:0031080","nuclear pore outer ring",10,8,4.5,87,"0.02745","0.02745"
"488","GO:0005751","mitochondrial respiratory chain complex ...",10,8,4.5,88,"0.02745","0.02745"
"489","GO:0005923","bicellular tight junction",102,56,45.93,89,"0.02817","0.02817"
"490","GO:0005643","nuclear pore",80,45,36.02,90,"0.02827","0.02827"
"491","GO:0043596","nuclear replication fork",41,25,18.46,91,"0.17463","0.02903"
"492","GO:0099503","secretory vesicle",724,351,325.98,92,"0.50145","0.02995"
"493","GO:0036477","somatodendritic compartment",583,285,262.5,93,"0.06374","0.03068"
"494","GO:0030017","sarcomere",141,75,63.49,94,"0.03072","0.03072"
"495","GO:0005876","spindle microtubule",57,33,25.66,95,"0.03440","0.03440"
"496","GO:0034709","methylosome",12,9,5.4,96,"0.03565","0.03565"
"497","GO:0032809","neuronal cell body membrane",12,9,5.4,97,"0.03565","0.03565"
"498","GO:0042555","MCM complex",12,9,5.4,98,"0.03565","0.03565"
"499","GO:0030677","ribonuclease P complex",12,9,5.4,99,"0.03565","0.03565"
"500","GO:0044298","cell body membrane",12,9,5.4,100,"0.03565","0.03565"
"501","GO:0098833","presynaptic endocytic zone",7,6,3.15,101,"0.03578","0.03578"
"502","GO:0089717","spanning component of membrane",7,6,3.15,102,"0.03578","0.03578"
"503","GO:0005828","kinetochore microtubule",7,6,3.15,103,"0.03578","0.03578"
"504","GO:0030687","preribosome, large subunit precursor",23,15,10.36,104,"0.04120","0.04120"
"505","GO:0044304","main axon",42,25,18.91,105,"0.04156","0.04156"
"506","GO:0000177","cytoplasmic exosome (RNase complex)",14,10,6.3,106,"0.04271","0.04271"
"507","GO:0043025","neuronal cell body",344,171,154.89,107,"0.04345","0.04345"
"508","GO:0005769","early endosome",300,150,135.07,108,"0.04545","0.04545"
"509","GO:0031903","microbody membrane",56,32,25.21,109,"0.04567","0.04567"
"510","GO:0005778","peroxisomal membrane",56,32,25.21,110,"0.04567","0.04567"
"511","GO:0098805","whole membrane",1356,640,610.54,111,"0.26065","0.04770"
"512","GO:0031410","cytoplasmic vesicle",1827,856,822.61,112,"0.28465","0.04792"
"513","GO:1902555","endoribonuclease complex",29,18,13.06,113,"0.04871","0.04871"
"514","GO:0031094","platelet dense tubular network",9,7,4.05,114,"0.04987","0.04987"
"515","GO:0032059","bleb",9,7,4.05,115,"0.04987","0.04987"
"516","GO:0030681","multimeric ribonuclease P complex",9,7,4.05,116,"0.04987","0.04987"
"517","GO:0098552","side of membrane",320,159,144.08,117,"0.15546","0.05072"
"518","GO:0097708","intracellular vesicle",1829,856,823.51,118,"0.30145","0.05271"
"519","GO:0099738","cell cortex region",37,22,16.66,119,"0.05493","0.05493"
"520","GO:0099081","supramolecular polymer",683,328,307.52,120,"0.13899","0.05746"
"521","GO:0032587","ruffle membrane",81,44,36.47,121,"0.05800","0.05800"
"522","GO:0035371","microtubule plus-end",20,13,9,122,"0.05816","0.05816"
"523","GO:0000235","astral microtubule",11,8,4.95,123,"0.06109","0.06109"
"524","GO:0005818","aster",11,8,4.95,124,"0.06109","0.06109"
"525","GO:0005732","small nucleolar ribonucleoprotein comple...",22,14,9.91,125,"0.43707","0.06182"
"526","GO:0099512","supramolecular fiber",680,326,306.17,126,"0.15037","0.06319"
"527","GO:0005770","late endosome",219,110,98.6,127,"0.06808","0.06808"
"528","GO:0070937","CRD-mediated mRNA stability complex",6,5,2.7,128,"0.06932","0.06932"
"529","GO:0043203","axon hillock",6,5,2.7,129,"0.06932","0.06932"
"530","GO:0099569","presynaptic cytoskeleton",6,5,2.7,130,"0.06932","0.06932"
"531","GO:0098843","postsynaptic endocytic zone",6,5,2.7,131,"0.06932","0.06932"
"532","GO:0098835","presynaptic endocytic zone membrane",6,5,2.7,132,"0.06932","0.06932"
"533","GO:0097550","transcription preinitiation complex",6,5,2.7,133,"0.06932","0.06932"
"534","GO:0031265","CD95 death-inducing signaling complex",6,5,2.7,134,"0.06932","0.06932"
"535","GO:0044665","MLL1/2 complex",28,17,12.61,135,"0.06971","0.06971"
"536","GO:0071339","MLL1 complex",28,17,12.61,136,"0.06971","0.06971"
"537","GO:0008021","synaptic vesicle",150,77,67.54,137,"0.06983","0.06983"
"538","GO:0030479","actin cortical patch",13,9,5.85,138,"0.07000","0.07000"
"539","GO:0099523","presynaptic cytosol",13,9,5.85,139,"0.07000","0.07000"
"540","GO:0000940","condensed chromosome outer kinetochore",13,9,5.85,140,"0.07000","0.07000"
"541","GO:0005736","RNA polymerase I complex",13,9,5.85,141,"0.07000","0.07000"
"542","GO:0061645","endocytic patch",13,9,5.85,142,"0.07000","0.07000"
"543","GO:0030141","secretory granule",606,291,272.85,143,"0.78365","0.07024"
"544","GO:0030175","filopodium",86,46,38.72,144,"0.07058","0.07058"
"545","GO:0098978","glutamatergic synapse",247,123,111.21,145,"0.07275","0.07275"
"546","GO:0016323","basolateral plasma membrane",167,85,75.19,146,"0.07284","0.07284"
"547","GO:0030864","cortical actin cytoskeleton",76,41,34.22,147,"0.07354","0.07354"
"548","GO:1904724","tertiary granule lumen",38,22,17.11,148,"0.07618","0.07618"
"549","GO:0101003","ficolin-1-rich granule membrane",40,23,18.01,149,"0.07683","0.07683"
"550","GO:0005737","cytoplasm",9032,4105,4066.66,150,"0.26676","0.07724"
"551","GO:0031201","SNARE complex",42,24,18.91,151,"0.07733","0.07733"
"552","GO:0070821","tertiary granule membrane",48,27,21.61,152,"0.07805","0.07805"
"553","GO:0035577","azurophil granule membrane",50,28,22.51,153,"0.07809","0.07809"
"554","GO:0009986","cell surface",485,234,218.37,154,"0.07991","0.07991"
"555","GO:0009897","external side of plasma membrane",170,86,76.54,155,"0.08255","0.08255"
"556","GO:0005666","RNA polymerase III complex",17,11,7.65,156,"0.08277","0.08277"
"557","GO:0090575","RNA polymerase II transcription regulato...",145,74,65.29,157,"0.08427","0.08427"
"558","GO:0030054","cell junction",1433,670,645.21,158,"0.46747","0.08605"
"559","GO:0070382","exocytic vesicle",162,82,72.94,159,"0.08715","0.08715"
"560","GO:0099086","synaptonemal structure",19,12,8.55,160,"0.08732","0.08732"
"561","GO:0005721","pericentric heterochromatin",19,12,8.55,161,"0.08732","0.08732"
"562","GO:0000795","synaptonemal complex",19,12,8.55,162,"0.08732","0.08732"
"563","GO:0030139","endocytic vesicle",236,117,106.26,163,"0.08840","0.08840"
"564","GO:0061695","transferase complex, transferring phosph...",236,117,106.26,164,"0.17458","0.08840"
"565","GO:0031095","platelet dense tubular network membrane",8,6,3.6,165,"0.08862","0.08862"
"566","GO:0014731","spectrin-associated cytoskeleton",8,6,3.6,166,"0.08862","0.08862"
"567","GO:0032591","dendritic spine membrane",8,6,3.6,167,"0.08862","0.08862"
"568","GO:0034992","microtubule organizing center attachment...",8,6,3.6,168,"0.08862","0.08862"
"569","GO:0034993","meiotic nuclear membrane microtubule tet...",8,6,3.6,169,"0.08862","0.08862"
"570","GO:0099571","postsynaptic cytoskeleton",8,6,3.6,170,"0.08862","0.08862"
"571","GO:0061673","mitotic spindle astral microtubule",8,6,3.6,171,"0.08862","0.08862"
"572","GO:0106094","nuclear membrane microtubule tethering c...",8,6,3.6,172,"0.08862","0.08862"
"573","GO:0106083","nuclear membrane protein complex",8,6,3.6,173,"0.08862","0.08862"
"574","GO:0070161","anchoring junction",655,312,294.91,174,"0.39128","0.09088"
"575","GO:0099522","region of cytosol",23,14,10.36,175,"0.09389","0.09389"
"576","GO:0042995","cell projection",1606,748,723.1,176,"0.96317","0.09590"
"577","GO:0030285","integral component of synaptic vesicle m...",25,15,11.26,177,"0.09621","0.09621"
"578","GO:0001533","cornified envelope",27,16,12.16,178,"0.09803","0.09803"
"579","GO:0043198","dendritic shaft",27,16,12.16,179,"0.09803","0.09803"
"580","GO:0030686","90S preribosome",31,18,13.96,180,"0.10052","0.10052"
"581","GO:0000164","protein phosphatase type 1 complex",10,7,4.5,181,"0.10220","0.10220"
"582","GO:0099243","extrinsic component of synaptic membrane",10,7,4.5,182,"0.10220","0.10220"
"583","GO:0030673","axolemma",10,7,4.5,183,"0.10220","0.10220"
"584","GO:0045178","basal part of cell",39,22,17.56,184,"0.10232","0.10232"
"585","GO:0043218","compact myelin",12,8,5.4,185,"0.11197","0.11197"
"586","GO:0005694","chromosome",950,446,427.74,186,"0.45396","0.11468"
"587","GO:0110165","cellular anatomical entity",13037,5878,5869.91,187,"0.30733","0.11847"
"588","GO:0031233","intrinsic component of external side of ...",14,9,6.3,188,"0.11912","0.11912"
"589","GO:0031594","neuromuscular junction",64,34,28.82,189,"0.11926","0.11926"
"590","GO:0099092","postsynaptic density, intracellular comp...",16,10,7.2,190,"0.12438","0.12438"
"591","GO:0044305","calyx of Held",16,10,7.2,191,"0.12438","0.12438"
"592","GO:0005766","primary lysosome",129,65,58.08,192,"0.12700","0.12700"
"593","GO:0042582","azurophil granule",129,65,58.08,193,"0.12700","0.12700"
"594","GO:0005829","cytosol",4415,2019,1987.85,194,"0.15190","0.12794"
"595","GO:0005623","cell",48,26,21.61,195,"0.12940","0.12940"
"596","GO:0070545","PeBoW complex",5,4,2.25,196,"0.13143","0.13143"
"597","GO:0031166","integral component of vacuolar membrane",5,4,2.25,197,"0.13143","0.13143"
"598","GO:0097422","tubular endosome",5,4,2.25,198,"0.13143","0.13143"
"599","GO:0005663","DNA replication factor C complex",5,4,2.25,199,"0.13143","0.13143"
"600","GO:0048476","Holliday junction resolvase complex",5,4,2.25,200,"0.13143","0.13143"
